{"idade": {"min": 12.0, "max": 21.0}, "var_escolas": {"L2_NU_COMP_ALUNO": {"mean": 11.868578255675029, "std": 14.083279510750549}, "L2_NU_FUNCIONARIOS": {"mean": 79.3321385902031, "std": 46.24574203618973}, "L2_NU_INSE_VALOR": {"mean": 49.37798088410991, "std": 2.5253199254823944}}}