{"idade": {"mean": 16.017029966096395, "std": 1.2189205676768935}, "var_escolas": {"L2_NU_COMP_ALUNO": {"mean": 11.868578255675029, "std": 14.08327951075055}, "L2_NU_FUNCIONARIOS": {"mean": 79.3321385902031, "std": 46.245742036189725}, "L2_NU_INSE_VALOR": {"mean": 49.37798088410991, "std": 2.5253199254823944}}}